[
  {
    "id": "/subscriptions/2f35a2a3-6d9b-4553-969f-9a917dd18f62/resourceGroups/VstsRG-311-wk7-day1-deployment-743b/providers/Microsoft.Resources/deployments/Deploy_DevOps_Project_311-wk7-day1-deployment/operations/55A014C8F088431A",
    "operationId": "55A014C8F088431A",
    "properties": {
      "provisioningOperation": "Create",
      "provisioningState": "Succeeded",
      "timestamp": "2021-01-07T14:13:43.8279666Z",
      "duration": "PT14.138825S",
      "trackingId": "2e477ca9-473b-454d-a591-991b621a1698",
      "serviceRequestId": "b64f661e-9479-4cdb-9633-728e329e28f2",
      "statusCode": "OK",
      "targetResource": {
        "id": "/subscriptions/2f35a2a3-6d9b-4553-969f-9a917dd18f62/resourceGroups/VstsRG-311-wk7-day1-deployment-743b/providers/Microsoft.DevOps/pipelines/311-wk7-day1-deployment",
        "resourceType": "Microsoft.DevOps/pipelines",
        "resourceName": "311-wk7-day1-deployment"
      }
    }
  },
  {
    "id": "/subscriptions/2f35a2a3-6d9b-4553-969f-9a917dd18f62/resourceGroups/VstsRG-311-wk7-day1-deployment-743b/providers/Microsoft.Resources/deployments/Deploy_DevOps_Project_311-wk7-day1-deployment/operations/08585915780767824569",
    "operationId": "08585915780767824569",
    "properties": {
      "provisioningOperation": "EvaluateDeploymentOutput",
      "provisioningState": "Succeeded",
      "timestamp": "2021-01-07T14:13:43.8889406Z",
      "duration": "PT14.199799S",
      "trackingId": "53d2f9a8-afdc-49fc-b078-907b2e65eda3",
      "statusCode": "OK"
    }
  }
]