{
  "id": "/subscriptions/2f35a2a3-6d9b-4553-969f-9a917dd18f62/resourceGroups/VstsRG-311-wk7-day1-deployment-743b/providers/Microsoft.Resources/deployments/Deploy_DevOps_Project_311-wk7-day1-deployment",
  "name": "Deploy_DevOps_Project_311-wk7-day1-deployment",
  "type": "Microsoft.Resources/deployments",
  "tags": {
    "primaryResourceId": "/subscriptions/2f35a2a3-6d9b-4553-969f-9a917dd18f62/resourcegroups/VstsRG-311-wk7-day1-deployment-743b/providers/Microsoft.DevOps/pipelines/311-wk7-day1-deployment",
    "marketplaceItemId": "Microsoft.AzureProject"
  },
  "properties": {
    "templateHash": "5213413170499397722",
    "parameters": {
      "azureAuth": {
        "type": "SecureString"
      },
      "repository_auth": {
        "type": "SecureObject"
      }
    },
    "mode": "Incremental",
    "debugSetting": {
      "detailLevel": "None"
    },
    "provisioningState": "Succeeded",
    "timestamp": "2021-01-07T14:13:43.929236Z",
    "duration": "PT15.2340605S",
    "correlationId": "1efd38c3-ebae-412f-a1e5-4a2da0da74ad",
    "providers": [
      {
        "namespace": "Microsoft.DevOps",
        "resourceTypes": [
          {
            "resourceType": "pipelines",
            "locations": [
              "centralus"
            ]
          }
        ]
      }
    ],
    "dependencies": [],
    "outputResources": [
      {
        "id": "/subscriptions/2f35a2a3-6d9b-4553-969f-9a917dd18f62/resourceGroups/VstsRG-311-wk7-day1-deployment-743b/providers/Microsoft.DevOps/pipelines/311-wk7-day1-deployment"
      }
    ]
  }
}